County,ZIP Code
Delaware,46001
Madison,46001
Madison,46011
Delaware,46012
Madison,46012
Madison,46013
Madison,46016
Madison,46017
Hamilton,46030
Tipton,46031
Hamilton,46031
Boone,46032
Hamilton,46032
Hamilton,46033
Hamilton,46034
Boone,46035
Clinton,46035
Montgomery,46035
Tipton,46036
Madison,46036
Grant,46036
Hamilton,46037
Hamilton,46038
Clinton,46039
Madison,46040
Hancock,46040
Hamilton,46040
Carroll,46041
Clinton,46041
Madison,46044
Madison,46048
Clinton,46049
Tipton,46049
Boone,46050
Clinton,46050
Tipton,46050
Madison,46051
Boone,46052
Hancock,46055
Hamilton,46055
Madison,46056
Hancock,46056
Henry,46056
Clinton,46057
Clinton,46058
Tippecanoe,46058
Hamilton,46060
Hamilton,46062
Madison,46064
Hancock,46064
Carroll,46065
Clinton,46065
Tipton,46068
Boone,46069
Clinton,46069
Hamilton,46069
Delaware,46070
Madison,46070
Grant,46070
Boone,46071
Tipton,46072
Hamilton,46074
Boone,46075
Tipton,46076
Howard,46076
Boone,46077
Hamilton,46077
Marion,46077
Hendricks,46077
Rush,46104
Putnam,46105
Johnson,46106
Marion,46107
Shelby,46110
Boone,46112
Hendricks,46112
Morgan,46113
Marion,46113
Hendricks,46113
Rush,46115
Hancock,46115
Hancock,46117
Henry,46117
Morgan,46118
Hendricks,46118
Putnam,46120
Morgan,46120
Owen,46120
Putnam,46121
Hendricks,46121
Hendricks,46122
Hendricks,46123
Bartholomew,46124
Johnson,46124
Shelby,46124
Shelby,46126
Rush,46127
Fayette,46127
Putnam,46128
Shelby,46130
Hancock,46130
Johnson,46131
Shelby,46131
Rush,46133
Fayette,46133
Putnam,46135
Rush,46140
Hancock,46140
Johnson,46142
Johnson,46143
Boone,46147
Hendricks,46147
Rush,46148
Henry,46148
Hendricks,46149
Rush,46150
Shelby,46150
Morgan,46151
Monroe,46151
Johnson,46151
Rush,46155
Rush,46156
Morgan,46157
Morgan,46158
Hendricks,46158
Brown,46160
Morgan,46160
Johnson,46160
Rush,46161
Shelby,46161
Hancock,46161
Johnson,46162
Shelby,46162
Shelby,46163
Hancock,46163
Brown,46164
Johnson,46164
Hendricks,46165
Morgan,46166
Hendricks,46167
Hendricks,46168
Putnam,46171
Putnam,46172
Rush,46173
Decatur,46173
Franklin,46173
Putnam,46175
Shelby,46176
Putnam,46180
Morgan,46180
Hendricks,46180
Brown,46181
Johnson,46181
Rush,46182
Shelby,46182
Johnson,46184
Hancock,46186
Henry,46186
Marion,46201
Marion,46202
Marion,46203
Marion,46204
Marion,46205
Marion,46208
Marion,46214
Marion,46216
Marion,46217
Marion,46218
Marion,46219
Marion,46220
Marion,46221
Marion,46222
Marion,46224
Marion,46225
Marion,46226
Marion,46227
Marion,46228
Hancock,46229
Marion,46229
Marion,46231
Hendricks,46231
Marion,46234
Hendricks,46234
Marion,46235
Hamilton,46236
Marion,46236
Marion,46237
Marion,46239
Marion,46240
Marion,46241
Hamilton,46250
Marion,46250
Marion,46254
Hamilton,46256
Marion,46256
Johnson,46259
Shelby,46259
Marion,46259
Hamilton,46260
Marion,46260
Marion,46268
Boone,46278
Marion,46278
Hendricks,46278
Hamilton,46280
Hamilton,46290
Lake,46303
Porter,46304
Porter,46307
Lake,46307
Newton,46310
Jasper,46310
Lake,46311
Lake,46312
Lake,46319
Lake,46320
Lake,46321
Lake,46322
Lake,46323
Lake,46324
Lake,46327
LaPorte,46340
Porter,46341
Jasper,46341
Lake,46341
Porter,46342
Lake,46342
Porter,46347
Porter,46348
LaPorte,46348
Starke,46348
Newton,46349
LaPorte,46350
Lake,46356
Porter,46360
LaPorte,46360
LaPorte,46365
Pulaski,46366
Starke,46366
Porter,46368
LaPorte,46371
Lake,46373
Pulaski,46374
Jasper,46374
Starke,46374
Lake,46375
LaPorte,46382
Porter,46383
Porter,46385
LaPorte,46390
Porter,46391
LaPorte,46391
Jasper,46392
Lake,46394
Lake,46402
Porter,46403
Lake,46403
Lake,46404
Porter,46405
Lake,46405
Lake,46406
Lake,46407
Lake,46408
Lake,46409
Lake,46410
Fulton,46501
Marshall,46501
Kosciusko,46504
Marshall,46504
Kosciusko,46506
St. Joseph,46506
Marshall,46506
Elkhart,46507
Kosciusko,46508
Kosciusko,46510
Pulaski,46511
Starke,46511
Fulton,46511
Marshall,46511
Elkhart,46514
Elkhart,46516
Elkhart,46517
Kosciusko,46524
Marshall,46524
Elkhart,46526
Elkhart,46528
Elkhart,46530
St. Joseph,46530
Starke,46531
LaPorte,46532
Starke,46532
LaPorte,46534
Starke,46534
St. Joseph,46536
Marshall,46536
Kosciusko,46538
Kosciusko,46539
Fulton,46539
LaGrange,46540
Elkhart,46540
Elkhart,46542
Kosciusko,46542
LaGrange,46543
Elkhart,46543
St. Joseph,46544
St. Joseph,46545
Elkhart,46550
Kosciusko,46550
St. Joseph,46550
Marshall,46550
LaPorte,46552
St. Joseph,46552
Elkhart,46553
LaPorte,46554
St. Joseph,46554
Kosciusko,46555
St. Joseph,46556
Elkhart,46561
St. Joseph,46561
Noble,46562
Kosciusko,46562
Whitley,46562
St. Joseph,46563
Marshall,46563
LaGrange,46565
Elkhart,46567
Kosciusko,46567
Fulton,46570
Marshall,46570
LaGrange,46571
Noble,46571
Elkhart,46573
St. Joseph,46573
LaPorte,46574
Starke,46574
St. Joseph,46574
Marshall,46574
Kosciusko,46580
Kosciusko,46582
Kosciusko,46590
St. Joseph,46601
St. Joseph,46613
St. Joseph,46614
St. Joseph,46615
St. Joseph,46616
St. Joseph,46617
St. Joseph,46619
St. Joseph,46628
St. Joseph,46635
St. Joseph,46637
Noble,46701
Wabash,46702
Huntington,46702
Steuben,46703
DeKalb,46705
Steuben,46705
Allen,46706
DeKalb,46706
Noble,46710
DeKalb,46710
Adams,46711
Adams,46714
Wells,46714
DeKalb,46721
Allen,46723
Noble,46723
Whitley,46723
Noble,46725
Whitley,46725
DeKalb,46730
Wells,46731
Noble,46732
Kosciusko,46732
Allen,46733
Adams,46733
Steuben,46737
DeKalb,46738
Adams,46740
Wells,46740
Jay,46740
Allen,46741
DeKalb,46742
Steuben,46742
Allen,46743
Allen,46745
LaGrange,46746
LaGrange,46747
DeKalb,46747
Steuben,46747
Allen,46748
Noble,46748
DeKalb,46748
Wells,46750
Huntington,46750
Noble,46755
DeKalb,46755
Wells,46759
Noble,46760
LaGrange,46761
Steuben,46761
Noble,46763
DeKalb,46763
Noble,46764
Whitley,46764
Allen,46765
Wells,46766
LaGrange,46767
Noble,46767
Elkhart,46767
Wells,46770
Huntington,46770
Adams,46772
Allen,46773
Adams,46773
Allen,46774
LaGrange,46776
Steuben,46776
Allen,46777
Adams,46777
Wells,46777
Steuben,46779
Wells,46781
Allen,46783
Wells,46783
Huntington,46783
Whitley,46783
Noble,46784
DeKalb,46785
Kosciusko,46787
Whitley,46787
Allen,46788
DeKalb,46788
Wells,46791
Wells,46792
Huntington,46792
DeKalb,46793
Noble,46794
LaGrange,46795
Noble,46795
Allen,46797
Allen,46798
Wells,46798
Allen,46802
Allen,46803
Allen,46804
Allen,46805
Allen,46806
Allen,46807
Allen,46808
Allen,46809
Allen,46814
Allen,46815
Allen,46816
Allen,46818
Whitley,46818
Allen,46819
Allen,46825
Allen,46835
Allen,46845
Miami,46901
Howard,46901
Tipton,46902
Howard,46902
Miami,46910
Kosciusko,46910
Fulton,46910
Wabash,46911
Miami,46911
Carroll,46913
Miami,46914
Carroll,46917
Wabash,46919
Miami,46919
Grant,46919
Howard,46919
Carroll,46920
Carroll,46923
Tippecanoe,46923
Cass,46926
Wabash,46926
Miami,46926
Grant,46928
Carroll,46929
Howard,46929
Cass,46932
Miami,46932
Howard,46932
Grant,46933
Howard,46936
Grant,46938
Pulaski,46939
Fulton,46939
Wabash,46940
Grant,46940
Huntington,46940
Wabash,46941
Carroll,46947
Cass,46947
Cass,46950
Fulton,46950
Miami,46951
Fulton,46951
Blackford,46952
Wells,46952
Grant,46952
Huntington,46952
Grant,46953
Pulaski,46960
Starke,46960
Fulton,46960
Wabash,46962
Kosciusko,46962
Whitley,46962
Cass,46970
Wabash,46970
Miami,46970
Wabash,46974
Miami,46974
Fulton,46975
Cass,46978
Pulaski,46978
White,46978
Carroll,46979
Clinton,46979
Tipton,46979
Howard,46979
Wabash,46982
Kosciusko,46982
Fulton,46982
Pulaski,46985
White,46985
Grant,46986
Cass,46988
Blackford,46989
Grant,46989
Wabash,46990
Wells,46991
Grant,46991
Huntington,46991
Wabash,46992
Cass,46994
Pulaski,46996
White,46996
Dearborn,47001
Ohio,47001
Union,47003
Franklin,47003
Ripley,47006
Franklin,47006
Franklin,47010
Ohio,47011
Switzerland,47011
Dearborn,47012
Franklin,47012
Franklin,47016
Ripley,47017
Ohio,47017
Switzerland,47017
Ripley,47018
Dearborn,47018
Ohio,47018
Switzerland,47020
Dearborn,47022
Ripley,47023
Franklin,47024
Fayette,47024
Dearborn,47025
Franklin,47030
Ripley,47031
Dearborn,47031
Ripley,47032
Dearborn,47032
Franklin,47036
Ripley,47037
Switzerland,47038
Ohio,47040
Switzerland,47040
Ripley,47041
Dearborn,47041
Franklin,47041
Ripley,47042
Switzerland,47043
Jefferson,47043
Dearborn,47060
Franklin,47060
Scott,47102
Jackson,47102
Clark,47106
Washington,47106
Floyd,47106
Washington,47108
Orange,47108
Harrison,47110
Clark,47111
Harrison,47112
Harrison,47114
Washington,47115
Harrison,47115
Crawford,47116
Harrison,47117
Floyd,47117
Perry,47118
Crawford,47118
Orange,47118
Clark,47119
Floyd,47119
Washington,47120
Harrison,47120
Harrison,47122
Floyd,47122
Crawford,47123
Harrison,47124
Floyd,47124
Washington,47125
Orange,47125
Harrison,47125
Clark,47126
Washington,47126
Scott,47126
Clark,47129
Clark,47130
Harrison,47135
Harrison,47136
Floyd,47136
Perry,47137
Crawford,47137
Harrison,47137
Scott,47138
Jefferson,47138
Crawford,47140
Orange,47140
Clark,47141
Harrison,47142
Clark,47143
Crawford,47145
Washington,47145
Clark,47147
Scott,47147
Jefferson,47147
Clark,47150
Floyd,47150
Harrison,47160
Harrison,47161
Clark,47162
Clark,47163
Washington,47164
Harrison,47164
Floyd,47164
Clark,47165
Washington,47165
Floyd,47165
Harrison,47166
Washington,47167
Washington,47170
Scott,47170
Clark,47172
Floyd,47172
Crawford,47174
Crawford,47175
Clark,47177
Scott,47177
Brown,47201
Bartholomew,47201
Bartholomew,47203
Jackson,47220
Jennings,47223
Ripley,47224
Switzerland,47224
Jefferson,47224
Jennings,47227
Jefferson,47227
Jennings,47229
Jackson,47229
Scott,47230
Jennings,47230
Jefferson,47230
Jennings,47231
Jefferson,47231
Bartholomew,47232
Jennings,47232
Bartholomew,47234
Shelby,47234
Brown,47235
Jackson,47235
Bartholomew,47236
Ripley,47240
Decatur,47240
Franklin,47240
Jefferson,47243
Bartholomew,47244
Decatur,47244
Bartholomew,47246
Decatur,47246
Ripley,47250
Switzerland,47250
Jefferson,47250
Washington,47260
Jackson,47260
Monroe,47264
Lawrence,47264
Jackson,47264
Jennings,47265
Jennings,47270
Jefferson,47270
Decatur,47272
Shelby,47272
Jennings,47273
Brown,47274
Bartholomew,47274
Jennings,47274
Jackson,47274
Washington,47281
Jackson,47281
Jennings,47282
Bartholomew,47283
Decatur,47283
Jennings,47283
Delaware,47302
Henry,47302
Delaware,47303
Delaware,47304
Delaware,47305
Delaware,47306
Randolph,47320
Delaware,47320
Union,47325
Fayette,47325
Jay,47326
Wayne,47327
Henry,47327
Wayne,47330
Union,47331
Franklin,47331
Fayette,47331
Delaware,47334
Henry,47334
Blackford,47336
Delaware,47336
Jay,47336
Blackford,47338
Delaware,47338
Wayne,47339
Randolph,47340
Wayne,47341
Delaware,47342
Wayne,47345
Wayne,47346
Henry,47346
Blackford,47348
Delaware,47348
Rush,47352
Henry,47352
Union,47353
Franklin,47353
Randolph,47354
Delaware,47354
Wayne,47354
Henry,47354
Randolph,47355
Delaware,47356
Madison,47356
Henry,47356
Wayne,47357
Fayette,47357
Randolph,47358
Wayne,47358
Blackford,47359
Wells,47359
Jay,47359
Wayne,47360
Henry,47360
Henry,47362
Randolph,47368
Delaware,47368
Blackford,47369
Jay,47369
Jay,47371
Randolph,47373
Jay,47373
Wayne,47374
Randolph,47380
Jay,47380
Jay,47381
Randolph,47382
Delaware,47383
Hancock,47384
Henry,47384
Henry,47385
Henry,47386
Henry,47387
Randolph,47390
Jay,47390
Wayne,47392
Randolph,47393
Wayne,47393
Randolph,47394
Delaware,47396
Brown,47401
Monroe,47401
Monroe,47403
Monroe,47404
Owen,47404
Monroe,47405
Monroe,47406
Monroe,47408
Monroe,47421
Lawrence,47421
Greene,47424
Clay,47427
Owen,47427
Monroe,47429
Owen,47431
Dubois,47432
Orange,47432
Morgan,47433
Monroe,47433
Owen,47433
Monroe,47436
Lawrence,47436
Clay,47438
Sullivan,47438
Greene,47438
Greene,47441
Greene,47443
Lawrence,47446
Brown,47448
Bartholomew,47448
Monroe,47448
Greene,47449
Lawrence,47451
Orange,47452
Greene,47453
Orange,47454
Putnam,47456
Morgan,47456
Owen,47456
Greene,47459
Monroe,47460
Owen,47460
Monroe,47462
Lawrence,47462
Greene,47462
Greene,47465
Brown,47468
Monroe,47468
Orange,47469
Martin,47470
Lawrence,47470
Greene,47471
Daviess,47501
Knox,47512
Perry,47513
Crawford,47513
Dubois,47513
Perry,47514
Perry,47515
Knox,47516
Daviess,47519
Perry,47520
Dubois,47521
Martin,47522
Dubois,47523
Warrick,47523
Spencer,47523
Knox,47524
Perry,47525
Dubois,47527
Knox,47528
Daviess,47529
Spencer,47531
Perry,47532
Dubois,47532
Spencer,47532
Warrick,47537
Spencer,47537
Pike,47541
Dubois,47541
Warrick,47541
Dubois,47542
Pike,47546
Dubois,47546
Spencer,47550
Perry,47551
Spencer,47552
Daviess,47553
Martin,47553
Spencer,47556
Knox,47557
Daviess,47558
Knox,47561
Daviess,47562
Pike,47564
Dubois,47564
Pike,47567
Daviess,47568
Perry,47574
Dubois,47575
Perry,47576
Perry,47577
Spencer,47577
Knox,47578
Spencer,47579
Dubois,47580
Martin,47581
Pike,47585
Perry,47586
Perry,47588
Pike,47590
Dubois,47590
Knox,47591
Knox,47597
Pike,47598
Warrick,47601
Spencer,47601
Warrick,47610
Perry,47611
Spencer,47611
Posey,47612
Vanderburgh,47613
Warrick,47613
Gibson,47613
Spencer,47615
Posey,47616
Pike,47619
Warrick,47619
Posey,47620
Warrick,47630
Posey,47631
Posey,47633
Spencer,47634
Spencer,47635
Warrick,47637
Spencer,47637
Posey,47638
Vanderburgh,47638
Vanderburgh,47639
Gibson,47639
Pike,47640
Gibson,47640
Gibson,47647
Gibson,47648
Gibson,47649
Pike,47660
Gibson,47660
Gibson,47665
Gibson,47666
Gibson,47670
Vanderburgh,47708
Vanderburgh,47710
Vanderburgh,47711
Posey,47712
Vanderburgh,47712
Vanderburgh,47713
Vanderburgh,47714
Vanderburgh,47715
Vanderburgh,47720
Vanderburgh,47722
Vanderburgh,47725
Gibson,47725
Vigo,47802
Vigo,47803
Vigo,47804
Vigo,47805
Vigo,47807
Vigo,47809
Parke,47832
Clay,47833
Owen,47833
Parke,47834
Clay,47834
Vigo,47834
Parke,47836
Parke,47837
Clay,47837
Sullivan,47838
Clay,47840
Clay,47841
Vermillion,47842
Vigo,47842
Clay,47846
Vermillion,47847
Sullivan,47848
Sullivan,47849
Vigo,47850
Sullivan,47850
Vermillion,47854
Clay,47858
Vigo,47858
Sullivan,47858
Parke,47859
Sullivan,47861
Parke,47862
Vigo,47866
Putnam,47868
Clay,47868
Owen,47868
Parke,47872
Parke,47874
Clay,47874
Vigo,47874
Sullivan,47879
Sullivan,47882
Vigo,47885
Tippecanoe,47901
Tippecanoe,47904
Tippecanoe,47905
Warren,47906
Tippecanoe,47906
White,47906
Tippecanoe,47907
Tippecanoe,47909
Benton,47917
Warren,47917
Warren,47918
Tippecanoe,47918
Fountain,47918
Carroll,47920
Tippecanoe,47920
White,47920
Benton,47921
Warren,47921
Newton,47922
Jasper,47922
Carroll,47923
White,47923
Carroll,47926
White,47926
Vermillion,47928
White,47929
Clinton,47930
Tippecanoe,47930
Vermillion,47932
Warren,47932
Fountain,47932
Montgomery,47933
Montgomery,47940
Benton,47942
Newton,47942
Newton,47943
Jasper,47943
Benton,47944
Warren,47944
Pulaski,47946
Jasper,47946
Benton,47948
Newton,47948
Jasper,47948
Fountain,47949
Carroll,47950
White,47950
Newton,47951
Parke,47952
Fountain,47952
Montgomery,47954
Montgomery,47955
Tippecanoe,47955
Pulaski,47957
Jasper,47957
Pulaski,47959
Jasper,47959
White,47959
Carroll,47960
Pulaski,47960
White,47960
Newton,47963
Montgomery,47967
Tippecanoe,47967
Fountain,47967
Montgomery,47968
Benton,47970
Warren,47970
Tippecanoe,47970
White,47970
Benton,47971
Vermillion,47974
Benton,47975
Warren,47975
Benton,47977
Jasper,47977
Newton,47978
Jasper,47978
White,47978
White,47980
Montgomery,47981
Tippecanoe,47981
Fountain,47987
Putnam,47989
Montgomery,47989
Montgomery,47990
Fountain,47990
Warren,47991
Tippecanoe,47992
Warren,47993
Montgomery,47994
Jasper,47995
White,47995